product_id;product_name;scope;object_id;rule;old_image;new_image;note
700;"Perdea Alana Crem T08";product;700;_3;14-alana-t08_1.jpg;14-alana-t08_3.jpg;
728;"Perdea Alegria";product;728;fallback-3rd;14-alegria-t03.jpg;14-alegria-t04_5.jpg;
728;"Perdea Alegria";"variation 14-ALEGRIA-T04";729;fallback-3rd;14-alegria-t04.jpg;14-alegria-t04_5.jpg;
728;"Perdea Alegria";"variation 14-ALEGRIA-T05";730;fallback-3rd;14-alegria-t05.jpg;14-alegria-t05_5.jpg;
747;"Draperie Amalfi";product;747;_3;14-amalfi-v13.jpg;14-amalfi-v13_3.jpg;
747;"Draperie Amalfi";"variation 14-AMALFI-V5";748;_3;14-amalfi-v5.jpg;14-amalfi-v5_3.jpg;
747;"Draperie Amalfi";"variation 14-AMALFI-V8";749;_3;14-amalfi-v8.jpg;14-amalfi-v8_3.jpg;
747;"Draperie Amalfi";"variation 14-AMALFI-V13";750;_3;14-amalfi-v13.jpg;14-amalfi-v13_3.jpg;
751;"Perdea Aspen";product;751;_3;149-aspen-02_1.jpg;149-aspen-02_3.jpg;
751;"Perdea Aspen";"variation 149-ASPEN-02";755;_3;149-aspen-02_1.jpg;149-aspen-02_3.jpg;
756;"Draperie Canyon";product;756;fallback-3rd;149-canyon-03.jpg;149-canyon-03_5.jpg;
756;"Draperie Canyon";"variation 149-CANYON-03";763;fallback-3rd;149-canyon-03.jpg;149-canyon-03_5.jpg;
756;"Draperie Canyon";"variation 149-CANYON-07";770;fallback-3rd;149-canyon-07.jpg;149-canyon-07_5.jpg;
756;"Draperie Canyon";"variation 149-CANYON-10";777;fallback-3rd;149-canyon-10.jpg;149-canyon-10_5.jpg;
756;"Draperie Canyon";"variation 149-CANYON-19";784;fallback-3rd;149-canyon-19.jpg;149-canyon-19_5.jpg;
785;"Draperie Cobalt";product;785;fallback-3rd;149-cobalt-02.jpg;149-cobalt-02_5.jpg;
785;"Draperie Cobalt";"variation 149-COBALT-02";828;fallback-3rd;149-cobalt-02.jpg;149-cobalt-02_5.jpg;
786;"Draperie Jennifer";product;786;_3;149-jennifer-dk.jpg;149-jennifer-dk_3.jpg;
786;"Draperie Jennifer";"variation 149-JENNIFER-DK";833;_3;149-jennifer-dk.jpg;149-jennifer-dk_3.jpg;
786;"Draperie Jennifer";"variation 149-JENNIFER-PR";838;_3;149-jennifer-pr.jpg;149-jennifer-pr_3.jpg;
787;"Draperie Nydia";product;787;fallback-3rd;149-nydia-03.jpg;149-nydia-03_2.jpg;
787;"Draperie Nydia";"variation 149-NYDIA-03";843;fallback-3rd;149-nydia-03.jpg;149-nydia-03_2.jpg;
788;"Draperie Perseide";product;788;_3;149-perseide-t01.jpg;149-perseide-t01_3.jpg;
788;"Draperie Perseide";"variation 149-PERSEIDE-T01";849;_3;149-perseide-t01.jpg;149-perseide-t01_3.jpg;
790;"Perdea Anzia";product;790;fallback-3rd;14-anzia-t071.jpg;14-anzia-t071_4.jpg;
790;"Perdea Anzia";"variation 14-ANZIA-T071";859;fallback-3rd;14-anzia-t071.jpg;14-anzia-t071_4.jpg;
790;"Perdea Anzia";"variation 14-ANZIA-TD70";863;fallback-3rd;14-anzia-td70.jpg;14-anzia-td70_4.jpg;
791;"Perdea Avenue";product;791;fallback-3rd;14-avenue-t01.jpg;14-avenue-t01_10.jpg;
791;"Perdea Avenue";"variation 14-AVENUE-T01";870;fallback-3rd;14-avenue-t01.jpg;14-avenue-t01_10.jpg;
791;"Perdea Avenue";"variation 14-AVENUE-T02";877;fallback-3rd;14-avenue-t02.jpg;14-avenue-t02_5.jpg;
792;"Perdea Barbara";product;792;_3;14-barbara-t02.jpg;14-barbara-t02_3.jpg;
792;"Perdea Barbara";"variation 14-BARBARA-T02";882;_3;14-barbara-t02.jpg;14-barbara-t02_3.jpg;
793;"Perdea Bastia";product;793;_3;14-bastia-v0.jpg;14-bastia-v0_3.jpg;
793;"Perdea Bastia";"variation 14-BASTIA-V0";887;_3;14-bastia-v0.jpg;14-bastia-v0_3.jpg;
794;"Perdea Cabo";product;794;fallback-3rd;14-cabo-t02.jpg;14-cabo-t02_5.jpg;
794;"Perdea Cabo";"variation 14-CABO-T02";894;fallback-3rd;14-cabo-t02.jpg;14-cabo-t02_5.jpg;
795;"Draperie California";product;795;fallback-3rd;14-california-v3.jpg;14-california-v3_4.jpg;
795;"Draperie California";"variation 14-CALIFORNIA-V3";898;fallback-3rd;14-california-v3.jpg;14-california-v3_4.jpg;
796;"Perdea Charm";product;796;_3;14-charm-v1.jpg;14-charm-v1_3.jpg;
796;"Perdea Charm";"variation 14-CHARM-V1";903;_3;14-charm-v1.jpg;14-charm-v1_3.jpg;
796;"Perdea Charm";"variation 14-CHARM-V2";906;_3;14-charm-v2.jpg;14-charm-v2_3.jpg;
796;"Perdea Charm";"variation 14-CHARM-V3";912;_3;14-charm-v3.jpg;14-charm-v3_3.jpg;
797;"Perdea Cohiba";product;797;fallback-3rd;14-cohiba-v3.jpg;14-cohiba-v3_4.jpg;
797;"Perdea Cohiba";"variation 14-COHIBA-V3";916;fallback-3rd;14-cohiba-v3.jpg;14-cohiba-v3_4.jpg;
798;"Perdea Creation";product;798;fallback-3rd;14-creation-t02.jpg;14-creation-t02_5.jpg;
798;"Perdea Creation";"variation 14-CREATION-T02";923;fallback-3rd;14-creation-t02.jpg;14-creation-t02_5.jpg;
799;"Perdea Dandy";product;799;_3;14-dandy-r1700.jpg;14-dandy-r1700_3.jpg;
799;"Perdea Dandy";"variation 14-DANDY-R1700";927;_3;14-dandy-r1700.jpg;14-dandy-r1700_3.jpg;
800;"Perdea Ecco";product;800;_3;14-ecco-r1700.jpg;14-ecco-r1700_3.jpg;
800;"Perdea Ecco";"variation 14-ECCO-R1700";933;_3;14-ecco-r1700.jpg;14-ecco-r1700_3.jpg;
800;"Perdea Ecco";"variation 14-ECCO-V6";939;_3;14-ecco-v6.jpg;14-ecco-v6_3.jpg;
801;"Perdea Garbo";product;801;_3;14-garbo-r1700_2.jpg;14-garbo-r1700_3.jpg;
801;"Perdea Garbo";"variation 14-GARBO-R1700";943;_3;14-garbo-r1700_2.jpg;14-garbo-r1700_3.jpg;
801;"Perdea Garbo";"variation 14-GARBO-T01";948;_3;14-garbo-t01_1.jpg;14-garbo-t01_3.jpg;
801;"Perdea Garbo";"variation 14-GARBO-T08";952;_3;14-garbo-t08_2.jpg;14-garbo-t08_3.jpg;
802;"Perdea Gentiana";product;802;fallback-3rd;14-gentiana-t01.jpg;14-gentiana-t01_5.jpg;
802;"Perdea Gentiana";"variation 14-GENTIANA-T01";958;fallback-3rd;14-gentiana-t01.jpg;14-gentiana-t01_5.jpg;
802;"Perdea Gentiana";"variation 14-GENTIANA-T03";965;fallback-3rd;14-gentiana-t03.jpg;14-gentiana-t03_5.jpg;
802;"Perdea Gentiana";"variation 14-GENTIANA-T05";972;fallback-3rd;14-gentiana-t05.jpg;14-gentiana-t05_5.jpg;
803;"Draperie Lavie";product;803;_3;14-lavie-v1.jpg;14-lavie-v1_3.jpg;
803;"Draperie Lavie";"variation 14-LAVIE-V1";977;_3;14-lavie-v1.jpg;14-lavie-v1_3.jpg;
804;"Draperie Lisboa";product;804;_3;14-lisboa-j1422.jpg;14-lisboa-j1422_3.jpg;
804;"Draperie Lisboa";"variation 14-LISBOA-J1422";983;_3;14-lisboa-j1422.jpg;14-lisboa-j1422_3.jpg;
804;"Draperie Lisboa";"variation 14-LISBOA-J6238";989;_3;14-lisboa-j6238.jpg;14-lisboa-j6238_3.jpg;
804;"Draperie Lisboa";"variation 14-LISBOA-J9172";995;_3;14-lisboa-j9172.jpg;14-lisboa-j9172_3.jpg;
805;"Perdea Matera";product;805;_3;14-matera-v2.jpg;14-matera-v2_3.jpg;
805;"Perdea Matera";"variation 14-MATERA-V2";1000;_3;14-matera-v2.jpg;14-matera-v2_3.jpg;
806;"Perdea Midi";product;806;fallback-3rd;14-midi-t01.jpg;14-midi-t01_5.jpg;
806;"Perdea Midi";"variation 14-MIDI-T01";1006;fallback-3rd;14-midi-t01.jpg;14-midi-t01_5.jpg;
807;"Perdea Miranda";product;807;_3;14-miranda-t02_1.jpg;14-miranda-t02_3.jpg;
807;"Perdea Miranda";"variation 14-MIRANDA-T02";1010;_3;14-miranda-t02_1.jpg;14-miranda-t02_3.jpg;
808;"Draperie Mohave";product;808;_3;14-mohave-v8.jpg;14-mohave-v8_3.jpg;
808;"Draperie Mohave";"variation 14-MOHAVE-V8";1016;_3;14-mohave-v8.jpg;14-mohave-v8_3.jpg;
809;"Perdea Primo";product;809;_3;14-primo-l30256_1.jpg;14-primo-l30256_3.jpg;
809;"Perdea Primo";"variation 14-PRIMO-L30256";1021;_3;14-primo-l30256_1.jpg;14-primo-l30256_3.jpg;
810;"Perdea Quinta";product;810;fallback-3rd;14-quinta-t01.jpg;14-quinta-t01_5.jpg;
810;"Perdea Quinta";"variation 14-QUINTA-T01";1028;fallback-3rd;14-quinta-t01.jpg;14-quinta-t01_5.jpg;
811;"Draperie Ruben";product;811;fallback-3rd;14-ruben-t03.jpg;14-ruben-t03_5.jpg;
811;"Draperie Ruben";"variation 14-RUBEN-T03";1035;fallback-3rd;14-ruben-t03.jpg;14-ruben-t03_5.jpg;
811;"Draperie Ruben";"variation 14-RUBEN-T04";1041;fallback-3rd;14-ruben-t04.jpg;14-ruben-t04_5.jpg;
811;"Draperie Ruben";"variation 14-RUBEN-T05";1047;fallback-3rd;14-ruben-t05.jpg;14-ruben-t05_6.jpg;
812;"Perdea Russell";product;812;fallback-3rd;14-russell-v17.jpg;14-russell-v6.jpg;
812;"Perdea Russell";"variation 14-RUSSELL-V17";1050;skip;14-russell-v17.jpg;;"fara _3 si doar 2 imagine/i in total"
812;"Perdea Russell";"variation 14-RUSSELL-V6";1056;_3;14-russell-v6.jpg;14-russell-v6_3.jpg;
813;"Perdea Sable";product;813;_3;14-sable-t339.jpg;14-sable-t339_3.jpg;
813;"Perdea Sable";"variation 14-SABLE-T339";1062;_3;14-sable-t339.jpg;14-sable-t339_3.jpg;
814;"Draperie Sakura";product;814;fallback-3rd;14-sakura-t03.jpg;14-sakura-t04_5.jpg;
814;"Draperie Sakura";"variation 14-SAKURA-T04";1069;fallback-3rd;14-sakura-t04.jpg;14-sakura-t04_5.jpg;
814;"Draperie Sakura";"variation 14-SAKURA-T06";1076;fallback-3rd;14-sakura-t06.jpg;14-sakura-t06_5.jpg;
815;"Perdea Sally";product;815;_3;14-sally-r1700.jpg;14-sally-r1700_3.jpg;
815;"Perdea Sally";"variation 14-SALLY-R1700";1082;_3;14-sally-r1700.jpg;14-sally-r1700_3.jpg;
816;"Perdea Samara";product;816;fallback-3rd;14-samara-t01_1.jpg;14-samara-t08_1.jpg;
816;"Perdea Samara";"variation 14-SAMARA-T01";1085;skip;14-samara-t01_1.jpg;;"fara _3 si doar 2 imagine/i in total"
816;"Perdea Samara";"variation 14-SAMARA-T08";1088;skip;14-samara-t08_1.jpg;;"fara _3 si doar 2 imagine/i in total"
817;"Draperie Serengeti";product;817;fallback-3rd;14-serengeti-t07.jpg;14-serengeti-t07_5.jpg;
817;"Draperie Serengeti";"variation 14-SERENGETI-T07";1095;fallback-3rd;14-serengeti-t07.jpg;14-serengeti-t07_5.jpg;
817;"Draperie Serengeti";"variation 14-SERENGETI-T08";1102;fallback-3rd;14-serengeti-t08.jpg;14-serengeti-t08_5.jpg;
817;"Draperie Serengeti";"variation 14-SERENGETI-T09";1109;fallback-3rd;14-serengeti-t09.jpg;14-serengeti-t09_5.jpg;
818;"Perdea Socotra";product;818;_3;14-socotra-v1.jpg;14-socotra-v1_3.jpg;
818;"Perdea Socotra";"variation 14-SOCOTRA-V1";1114;_3;14-socotra-v1.jpg;14-socotra-v1_3.jpg;
819;"Perdea Teatro";product;819;_3;14-teatro-v0.jpg;14-teatro-v0_3.jpg;
819;"Perdea Teatro";"variation 14-TEATRO-V0";1120;_3;14-teatro-v0.jpg;14-teatro-v0_3.jpg;
819;"Perdea Teatro";"variation 14-TEATRO-V3";1126;_3;14-teatro-v3.jpg;14-teatro-v3_3.jpg;
819;"Perdea Teatro";"variation 14-TEATRO-V7";1132;_3;14-teatro-v7.jpg;14-teatro-v7_3.jpg;
820;"Perdea Vicenza";product;820;_3;14-vicenza-t01.jpg;14-vicenza-t01_3.jpg;
820;"Perdea Vicenza";"variation 14-VICENZA-T01";1138;_3;14-vicenza-t01.jpg;14-vicenza-t01_3.jpg;
820;"Perdea Vicenza";"variation 14-VICENZA-T03";1143;_3;14-vicenza-t03.jpg;14-vicenza-t03_3.jpg;
821;"Draperie Voile";product;821;already;14-ecco-r1700_3.jpg;14-ecco-r1700_3.jpg;
821;"Draperie Voile";"variation 14-VOILE-R1700";1146;skip;14-voile-r1700_4.jpg;;"fara _3 si doar 2 imagine/i in total"
821;"Draperie Voile";"variation 14-VOILE-T001";1152;_3;14-voile-t001.jpg;14-voile-t001_3.jpg;
821;"Draperie Voile";"variation 14-VOILE-T002";1158;_3;14-voile-t002.jpg;14-voile-t002_3.jpg;
821;"Draperie Voile";"variation 14-VOILE-T05";1164;_3;14-voile-t05.jpg;14-voile-t05_3.jpg;
821;"Draperie Voile";"variation 14-VOILE-T20";1170;_3;14-voile-t20.jpg;14-voile-t20_3.jpg;
821;"Draperie Voile";"variation 14-VOILE-T221";1176;_3;14-voile-t221.jpg;14-voile-t221_3.jpg;
821;"Draperie Voile";"variation 14-VOILE-T27";1181;_3;14-voile-t27_1.jpg;14-voile-t27_3.jpg;
821;"Draperie Voile";"variation 14-VOILE-T30";1194;_3;14-voile-t30.jpg;14-voile-t30_3.jpg;
821;"Draperie Voile";"variation 14-VOILE-T3097";1195;_3;14-voile-t3097.jpg;14-voile-t3097_3.jpg;
821;"Draperie Voile";"variation 14-VOILE-T31";1202;_3;14-voile-t31.jpg;14-voile-t31_3.jpg;
821;"Draperie Voile";"variation 14-VOILE-T37";1208;_3;14-voile-t37.jpg;14-voile-t37_3.jpg;
821;"Draperie Voile";"variation 14-VOILE-T50";1214;_3;14-voile-t50.jpg;14-voile-t50_3.jpg;
