model_key;sku;status;reason;url
149-ASPEN;149-ASPEN-02;imported;"Published with local images and confirmed public source";https://mendolafabrics.ro/product/149-aspen-02/
149-CANYON;149-CANYON-03;imported;"Published with local images and confirmed public source";https://mendolafabrics.ro/product/149-canyon-03/
149-CANYON;149-CANYON-07;imported;"Published with local images and confirmed public source";https://mendolafabrics.ro/product/149-canyon-07/
149-CANYON;149-CANYON-10;imported;"Published with local images and confirmed public source";https://mendolafabrics.ro/product/149-canyon-10/
149-CANYON;149-CANYON-19;imported;"Published with local images and confirmed public source";https://mendolafabrics.ro/product/149-canyon-19/
149-COBALT;149-COBALT-02;imported;"Published with local images and confirmed public source";https://mendolafabrics.ro/product/149-cobalt-02/
149-JENNIFER;149-JENNIFER-DK;imported;"Published with local images and confirmed public source";https://mendolafabrics.ro/product/149-jennifer-dk/
149-JENNIFER;149-JENNIFER-PR;imported;"Published with local images and confirmed public source";https://mendolafabrics.ro/product/149-jennifer-pr/
149-NYDIA;149-NYDIA-03;imported;"Published with local images and confirmed public source";https://mendolafabrics.ro/product/149-nydia-03/
149-PERSEIDE;149-PERSEIDE-T01;imported;"Published with local images and confirmed public source";https://mendolafabrics.ro/product/149-perseide-t01/
14-ALANA;14-ALANA-T08;imported;"Existing published simple product retained; SKU is already active";https://mendolafabrics.ro/product/14-alana-t08/
14-ALEGRIA;14-ALEGRIA-T04;imported;"Published with local images and confirmed public source";https://mendolafabrics.ro/product/14-alegria-t04/
14-ALEGRIA;14-ALEGRIA-T05;imported;"Published with local images and confirmed public source";https://mendolafabrics.ro/product/14-alegria-t05/
14-AMALFI;14-AMALFI-V13;imported;"Published with local images and confirmed public source";https://mendolafabrics.ro/product/14-amalfi-v13/
14-AMALFI;14-AMALFI-V5;imported;"Published with local images and confirmed public source";https://mendolafabrics.ro/product/14-amalfi-v5/
14-AMALFI;14-AMALFI-V8;imported;"Published with local images and confirmed public source";https://mendolafabrics.ro/product/14-amalfi-v8/
14-ANZIA;14-ANZIA-T071;imported;"Published with local images and confirmed public source";https://mendolafabrics.ro/product/14-anzia-t071/
14-ANZIA;14-ANZIA-TD70;imported;"Published with local images and confirmed public source";https://mendolafabrics.ro/product/14-anzia-td70/
14-AVENUE;14-AVENUE-T01;imported;"Published with local images and confirmed public source";https://mendolafabrics.ro/product/14-avenue-t01/
14-AVENUE;14-AVENUE-T02;imported;"Published with local images and confirmed public source";https://mendolafabrics.ro/product/14-avenue-t02/
14-BARBARA;14-BARBARA-T02;imported;"Published with local images and confirmed public source";https://mendolafabrics.ro/product/14-barbara-t02/
14-BASTIA;14-BASTIA-V0;imported;"Published with local images and confirmed public source";https://mendolafabrics.ro/product/14-bastia-v0/
14-CABO;14-CABO-T02;imported;"Published with local images and confirmed public source";https://mendolafabrics.ro/product/14-cabo-t02/
14-CALIFORNIA;14-CALIFORNIA-V3;imported;"Published with local images and confirmed public source";https://mendolafabrics.ro/product/14-california-v3/
14-CHARM;14-CHARM-V1;imported;"Published with local images and confirmed public source";https://mendolafabrics.ro/product/14-charm-v1/
14-CHARM;14-CHARM-V2;imported;"Published with local images and confirmed public source";https://mendolafabrics.ro/product/14-charm-v2/
14-CHARM;14-CHARM-V3;imported;"Published with local images and confirmed public source";https://mendolafabrics.ro/product/14-charm-v3/
14-COHIBA;14-COHIBA-V3;imported;"Published with local images and confirmed public source";https://mendolafabrics.ro/product/14-cohiba-v3/
14-CREATION;14-CREATION-T02;imported;"Published with local images and confirmed public source";https://mendolafabrics.ro/product/14-creation-t02/
14-DANDY;14-DANDY-R1700;imported;"Published with local images and confirmed public source";https://mendolafabrics.ro/product/14-dandy-r1700/
14-ECCO;14-ECCO-R1700;imported;"Published with local images and confirmed public source";https://mendolafabrics.ro/product/14-ecco-r1700/
14-ECCO;14-ECCO-V6;imported;"Published with local images and confirmed public source";https://mendolafabrics.ro/product/14-ecco-v6/
14-GARBO;14-GARBO-R1700;imported;"Published with local images and confirmed public source";https://mendolafabrics.ro/product/14-garbo-r1700/
14-GARBO;14-GARBO-T01;imported;"Published with local images and confirmed public source";https://mendolafabrics.ro/product/14-garbo-t01/
14-GARBO;14-GARBO-T08;imported;"Published with local images and confirmed public source";https://mendolafabrics.ro/product/14-garbo-t08/
14-GENTIANA;14-GENTIANA-T01;imported;"Published with local images and confirmed public source";https://mendolafabrics.ro/product/14-gentiana-t01/
14-GENTIANA;14-GENTIANA-T03;imported;"Published with local images and confirmed public source";https://mendolafabrics.ro/product/14-gentiana-t03/
14-GENTIANA;14-GENTIANA-T05;imported;"Published with local images and confirmed public source";https://mendolafabrics.ro/product/14-gentiana-t05/
14-LAVIE;14-LAVIE-V1;imported;"Published with local images and confirmed public source";https://mendolafabrics.ro/product/14-lavie-v1/
14-LISBOA;14-LISBOA-J1422;imported;"Published with local images and confirmed public source";https://mendolafabrics.ro/product/14-lisboa-j1422/
14-LISBOA;14-LISBOA-J6238;imported;"Published with local images and confirmed public source";https://mendolafabrics.ro/product/14-lisboa-j6238/
14-LISBOA;14-LISBOA-J9172;imported;"Published with local images and confirmed public source";https://mendolafabrics.ro/product/14-lisboa-j9172/
14-MATERA;14-MATERA-V2;imported;"Published with local images and confirmed public source";https://mendolafabrics.ro/product/14-matera-v2/
14-MIDI;14-MIDI-T01;imported;"Published with local images and confirmed public source";https://mendolafabrics.ro/product/14-midi-t01/
14-MIRANDA;14-MIRANDA-T02;imported;"Published with local images and confirmed public source";https://mendolafabrics.ro/product/14-miranda-t02/
14-MOHAVE;14-MOHAVE-V8;imported;"Published with local images and confirmed public source";https://mendolafabrics.ro/product/14-mohave-v8/
14-PRIMO;14-PRIMO-L30256;imported;"Published with local images and confirmed public source";https://mendolafabrics.ro/product/14-primo-l30256/
14-QUINTA;14-QUINTA-T01;imported;"Published with local images and confirmed public source";https://mendolafabrics.ro/product/14-quinta-t01/
14-RUBEN;14-RUBEN-T03;imported;"Published with local images and confirmed public source";https://mendolafabrics.ro/product/14-ruben-t03/
14-RUBEN;14-RUBEN-T04;imported;"Published with local images and confirmed public source";https://mendolafabrics.ro/product/14-ruben-t04/
14-RUBEN;14-RUBEN-T05;imported;"Published with local images and confirmed public source";https://mendolafabrics.ro/product/14-ruben-t05/
14-RUSSELL;14-RUSSELL-V17;imported;"Published with local images and confirmed public source";https://mendolafabrics.ro/product/14-russell-v17/
14-RUSSELL;14-RUSSELL-V6;imported;"Published with local images and confirmed public source";https://mendolafabrics.ro/product/14-russell-v6/
14-SABLE;14-SABLE-T339;imported;"Published with local images and confirmed public source";https://mendolafabrics.ro/product/14-sable-t339/
14-SAKURA;14-SAKURA-T04;imported;"Published with local images and confirmed public source";https://mendolafabrics.ro/product/14-sakura-t04/
14-SAKURA;14-SAKURA-T06;imported;"Published with local images and confirmed public source";https://mendolafabrics.ro/product/14-sakura-t06/
14-SALLY;14-SALLY-R1700;imported;"Published with local images and confirmed public source";https://mendolafabrics.ro/product/14-sally-r1700/
14-SAMARA;14-SAMARA-T01;imported;"Published with local images and confirmed public source";https://mendolafabrics.ro/product/14-samara-t01/
14-SAMARA;14-SAMARA-T08;imported;"Published with local images and confirmed public source";https://mendolafabrics.ro/product/14-samara-t08/
14-SERENGETI;14-SERENGETI-T07;imported;"Published with local images and confirmed public source";https://mendolafabrics.ro/product/14-serengeti-t07/
14-SERENGETI;14-SERENGETI-T08;imported;"Published with local images and confirmed public source";https://mendolafabrics.ro/product/14-serengeti-t08/
14-SERENGETI;14-SERENGETI-T09;imported;"Published with local images and confirmed public source";https://mendolafabrics.ro/product/14-serengeti-t09/
14-SOCOTRA;14-SOCOTRA-V1;imported;"Published with local images and confirmed public source";https://mendolafabrics.ro/product/14-socotra-v1/
14-TEATRO;14-TEATRO-V0;imported;"Published with local images and confirmed public source";https://mendolafabrics.ro/product/14-teatro-v0/
14-TEATRO;14-TEATRO-V3;imported;"Published with local images and confirmed public source";https://mendolafabrics.ro/product/14-teatro-v3/
14-TEATRO;14-TEATRO-V7;imported;"Published with local images and confirmed public source";https://mendolafabrics.ro/product/14-teatro-v7/
14-VICENZA;14-VICENZA-T01;imported;"Published with local images and confirmed public source";https://mendolafabrics.ro/product/14-vicenza-t01/
14-VICENZA;14-VICENZA-T03;imported;"Published with local images and confirmed public source";https://mendolafabrics.ro/product/14-vicenza-t03/
14-VOILE;14-VOILE-R1700;imported;"Published with local images and confirmed public source";https://mendolafabrics.ro/product/14-voile-r1700/
14-VOILE;14-VOILE-T001;imported;"Published with local images and confirmed public source";https://mendolafabrics.ro/product/14-voile-t001/
14-VOILE;14-VOILE-T002;imported;"Published with local images and confirmed public source";https://mendolafabrics.ro/product/14-voile-t002/
14-VOILE;14-VOILE-T05;imported;"Published with local images and confirmed public source";https://mendolafabrics.ro/product/14-voile-t05/
14-VOILE;14-VOILE-T20;imported;"Published with local images and confirmed public source";https://mendolafabrics.ro/product/14-voile-t20/
14-VOILE;14-VOILE-T221;imported;"Published with local images and confirmed public source";https://mendolafabrics.ro/product/14-voile-t221/
14-VOILE;14-VOILE-T27;imported;"Published with local images and confirmed public source";https://mendolafabrics.ro/product/14-voile-t27/
14-VOILE;14-VOILE-T30;imported;"Published with local images and confirmed public source";https://mendolafabrics.ro/product/14-voile-t30/
14-VOILE;14-VOILE-T3097;imported;"Published with local images and confirmed public source";https://mendolafabrics.ro/product/14-voile-t3097/
14-VOILE;14-VOILE-T31;imported;"Published with local images and confirmed public source";https://mendolafabrics.ro/product/14-voile-t31/
14-VOILE;14-VOILE-T37;imported;"Published with local images and confirmed public source";https://mendolafabrics.ro/product/14-voile-t37/
14-VOILE;14-VOILE-T50;imported;"Published with local images and confirmed public source";https://mendolafabrics.ro/product/14-voile-t50/
